文官,wenguan,文官蟒(黑),111a0008
文官,wenguan,紅蟒,1110104
文官,wenguan,綠蟒,1110126
文官,wenguan,黑蟒,1110176
文官,wenguan,黑蟒,1110178
文官,wenguan,黑蟒,1110179
文官,wenguan,紅通,1110210
文官,wenguan,黑通,1110216
文官,wenguan,黑通,1110220
文官,wenguan,繡補(藍),1110338
文官,wenguan,黃開台,1110501
文官,wenguan,紅蟒,1110120
文官,wenguan,黑蟒,1110177
平民,plebeian,紫線袞,1130107
平民,plebeian,粉紅線袞,1130114
平民,plebeian,綠線袞,1130120
平民,plebeian,黑罪衣,1130202
平民,plebeian,黑小卻衣,1130304
平民,plebeian,平C(類袍仔.開中),1130702
平民,plebeian,平C紅,1130708
平民,plebeian,平民線袞,113a0009
平民,plebeian,平民線袞,113a0010
平民,plebeian,平民線袞(紅),113a0014
平民,plebeian,平民線袞(紅.彩梅),113a0015
平民,plebeian,平民,113a0017
平民,plebeian,平民(黃花),113a0018
平民,plebeian,平民(紅),113a0019
平民,plebeian,平民內著,113a0020
平民,plebeian,平民內著,113a0021
平民,plebeian,平民內著,113a0022
平民,plebeian,平民織品,113a0023
江湖好漢,hohan,黑袍仔(A型),1140249
江湖好漢,hohan,藍英雄衣,1140503
江湖好漢,hohan,紫英雄衣,1140534
江湖好漢,hohan,英雄好漢(粉紅花),114a0004
江湖好漢,hohan,花袍仔(A型),1140206
江湖好漢,hohan,花袍仔(A型),1140210
江湖好漢,hohan,白英雄衣,1140516
江湖好漢,hohan,江湖好漢袍仔,114a0007
江湖好漢,hohan,江湖好漢英雄衣(附手足),114a0013
旦,dan,女甲,1150602
旦,dan,女甲,1150603
旦,dan,旦A(斜開),1150705
旦,dan,白旦A(斜開),1150715
旦,dan,花旦B(斜開),1150803
旦,dan,白旦B(對開),1150807
旦,dan,綠旦B(對開),1150822
旦,dan,淺藍旦A(斜開),1150727
旦,dan,粉紅旦A(斜開),1150736
旦,dan,旦衣,115a0007
旦,dan,旦衣,115a0008
旦,dan,旦衣,115a0009
神仙道佛,buddha,藍八掛衣,1160112
神仙道佛,buddha,白姑娘服裝,168a0020
其他,others,女甲(江湖好漢),CRW_3238
其他,others,女甲(江湖好漢),CRW_3239
其他,others,衣,CRW_3838_RJ
其他,others,衣,CRW_3839_RJ
其他,others,女甲(江湖好漢),CRW_3240
其他,others,女甲(江湖好漢),CRW_3241
其他,others,衣,CRW_3248
其他,others,衣,CRW_3249
其他,others,衣,CRW_3244
其他,others,衣,CRW_3245
其他,others,衣,CRW_3250
其他,others,衣,CRW_3251
其他,others,衣,CRW_3252
其他,others,衣,CRW_3253
其他,others,衣,CRW_3256
其他,others,衣,CRW_3257
武將官服,generals,白甲,1120138
武將官服,generals,武官將服甲(黑),112a0004
武將官服,generals,白甲,1120132
武將官服,generals,澄甲,1120155
武將官服,generals,黑旗牌衣,1120302
